{"cameraMode":{"drawMode":0,"name":"Shaded","section":"Shading Mode"},"sceneLighting":true,"audioPlay":false,"sceneViewState":{"m_AlwaysRefresh":false,"showFog":true,"showSkybox":true,"showFlares":true,"showImageEffects":true,"showParticleSystems":true,"showVisualEffectGraphs":true,"m_FxEnabled":true},"in2DMode":false,"pivot":{"x":-9.652225494384766,"y":6.479445934295654,"z":22.066085815429689},"rotation":{"x":0.07594253867864609,"y":-0.40985462069511416,"z":0.03426046296954155,"w":0.9083439707756043},"size":3.8336949348449709,"orthographic":false}